{"count":1,"self":400.935808,"total":12483.158529999999,"children":{"AgentSendState":{"count":1906158,"self":5.8740552,"total":1382.0169819999999,"children":{"CollectObservations":{"count":381742,"self":0.389552,"total":0.389552,"children":null},"CollectDiscreteActionMasks":{"count":381742,"self":0.39435499999999996,"total":0.39435499999999996,"children":null},"AgentInfo.ToProto":{"count":381742,"self":1.8047879999999998,"total":1375.3590199999999,"children":{"GenerateSensorData":{"count":381742,"self":143.0380544,"total":1373.554232,"children":{"CameraSensor.WriteToTensor":{"count":381742,"self":1230.516224,"total":1230.516177,"children":null}}}}}}},"DecideAction":{"count":1906158,"self":10686.9538816,"total":10686.953759,"children":null},"AgentAct":{"count":1906158,"self":10.974471999999999,"total":13.251291,"children":{"AgentInfo.ToProto":{"count":635,"self":0.003172,"total":2.2768189999999997,"children":{"GenerateSensorData":{"count":635,"self":0.23956999999999998,"total":2.273647,"children":{"CameraSensor.WriteToTensor":{"count":635,"self":2.034077,"total":2.034077,"children":null}}}}}}}},"gauges":{"Builder.CumulativeReward":{"count":635,"max":170.047638,"min":-17.0204639,"runningAverage":63.118206,"value":144.8612,"weightedAverage":148.584579}},"metadata":{"timer_format_version":"0.1.0","start_time_seconds":"1637648671","unity_version":"2020.3.22f1","command_line_arguments":"\/home\/schmi\/Documents\/Workspace\/Simple_builder\/.\/Builder_Sim\/Builders_Sim.x86_64 --mlagents-port 5005","communication_protocol_version":"1.0.0","com.unity.ml-agents_version":"1.0.8","scene_name":"MainScene","end_time_seconds":"1637661154"}}