{"count":1,"self":2445.9812864,"total":9160.1276669999988,"children":{"AgentSendState":{"count":773527,"self":4.1189152,"total":3011.073282,"children":{"CollectObservations":{"count":155326,"self":0.36272899999999997,"total":0.36272899999999997,"children":null},"CollectDiscreteActionMasks":{"count":155326,"self":0.310484,"total":0.310484,"children":null},"AgentInfo.ToProto":{"count":155326,"self":1.363766,"total":3006.281154,"children":{"GenerateSensorData":{"count":155326,"self":96.59711999999999,"total":3004.917388,"children":{"CameraSensor.WriteToTensor":{"count":155326,"self":2908.3203584,"total":2908.3202699999997,"children":null}}}}}}},"DecideAction":{"count":773527,"self":3683.1379456,"total":3683.1380369999997,"children":null},"AgentAct":{"count":773527,"self":7.2651536,"total":19.934255,"children":{"AgentInfo.ToProto":{"count":772,"self":0.005762,"total":12.669101,"children":{"GenerateSensorData":{"count":772,"self":0.37951799999999997,"total":12.663338999999999,"children":{"CameraSensor.WriteToTensor":{"count":772,"self":12.283820799999999,"total":12.283821,"children":null}}}}}}}},"gauges":{"Builder.CumulativeReward":{"count":772,"max":207.869476,"min":-5.526927,"runningAverage":12.6165247,"value":-0.0618248,"weightedAverage":7.46744347}},"metadata":{"timer_format_version":"0.1.0","start_time_seconds":"1637759687","unity_version":"2020.3.22f1","command_line_arguments":"\/home\/schmi\/Documents\/Workspace\/Simple_builder\/.\/Builders_Sim\/Builders_Sim.x86_64 --mlagents-port 5005","communication_protocol_version":"1.0.0","com.unity.ml-agents_version":"1.0.8","scene_name":"MainScene","end_time_seconds":"1637768847"}}