{"count":1,"self":585.1043328,"total":1344.232195,"children":{"AgentSendState":{"count":67205,"self":0.68247099999999994,"total":634.330526,"children":{"CollectObservations":{"count":13461,"self":0.045152,"total":0.045152,"children":null},"CollectDiscreteActionMasks":{"count":13461,"self":0.029265,"total":0.029265,"children":null},"AgentInfo.ToProto":{"count":13461,"self":0.13589199999999999,"total":633.573638,"children":{"GenerateSensorData":{"count":13461,"self":11.3841392,"total":633.437746,"children":{"CameraSensor.WriteToTensor":{"count":13461,"self":622.053632,"total":622.05360699999994,"children":null}}}}}}},"DecideAction":{"count":67205,"self":123.0081792,"total":123.00818299999999,"children":null},"AgentAct":{"count":67205,"self":0.96312999999999993,"total":1.788014,"children":{"AgentInfo.ToProto":{"count":22,"self":0.00022099999999999998,"total":0.824884,"children":{"GenerateSensorData":{"count":22,"self":0.018609,"total":0.82466299999999992,"children":{"CameraSensor.WriteToTensor":{"count":22,"self":0.80605399999999994,"total":0.80605399999999994,"children":null}}}}}}}},"gauges":{"Builder.CumulativeReward":{"count":22,"max":14.665226,"min":-6.55264235,"runningAverage":0.1086545,"value":-6.2526207,"weightedAverage":1.13712656}},"metadata":{"timer_format_version":"0.1.0","start_time_seconds":"1637696148","unity_version":"2020.3.22f1","command_line_arguments":"\/Users\/schmi\/Documents\/Workspace\/SimpleBuilder\/Simple_builder\/.\/Builders_Sim.app\/Contents\/MacOS\/SimpleBuilder_Sim --mlagents-port 5005","communication_protocol_version":"1.0.0","com.unity.ml-agents_version":"1.0.8","scene_name":"MainScene","end_time_seconds":"1637697492"}}